{"degree":5,"percentage":0.1,"initial":null,"exactN0":false,"numGenerations":100,"minPopulation":20,"maxPopulation":100,"populationDecreaseDegree":1.0,"minGranularity":20,"maxGranularity":100,"granularityIncreaseDegree":1.0,"seed":10,"mutationMultiplier":5,"crossoverMultiplier":2,"numRuns":15,"times":[167202.712211,161432.812263,154666.01735,150960.939144,146459.913745,139344.694991,143085.785158,140973.570855,141765.542875,146028.451452,141247.205574,138821.917096,143593.388034,140606.202563,136831.550804],"exponents":[-3.279734758923106,-3.26758535372483,-3.2598565237023327,-3.2911144948928497,-3.270403846449399,-3.2570588602373407,-3.2827093177433952,-3.264107137875925,-3.264790515226006,-3.272366445212863,-3.262239963073909,-3.2634088827602405,-3.28797930258244,-3.2723319438184104,-3.2919525316717233],"explicitBounds":[null,null,null,null,null,null,null,null,null,null,null,null,null,null,null],"n0s":[null,null,null,null,null,null,null,null,null,null,null,null,null,null,null]}