{"degree":5,"percentage":0.1,"initial":null,"exactN0":false,"numGenerations":10,"minPopulation":20,"maxPopulation":100,"populationDecreaseDegree":1.0,"minGranularity":20,"maxGranularity":100,"granularityIncreaseDegree":1.0,"seed":1,"mutationMultiplier":5,"crossoverMultiplier":2,"numRuns":15,"times":[24184.992531,22509.703677,23859.225933,23364.737986,23340.731484,22821.807634,22705.778854,23650.070657,23289.621871,22671.084339,22906.801501,22332.478405,21803.27375,22800.633144,21897.32269],"exponents":[-3.143462129619983,-3.2257149120319215,-3.221193209022998,-3.2372241639362085,-3.230957289309222,-3.287181565305283,-3.296040527021529,-3.20160470082915,-3.220335505955865,-3.2953711340585077,-3.2077384683824284,-3.2230914513365487,-3.220069659167167,-3.213018057247989,-3.176042684051559],"explicitBounds":[null,null,null,null,null,null,null,null,null,null,null,null,null,null,null],"n0s":[null,null,null,null,null,null,null,null,null,null,null,null,null,null,null]}