{"degree":5,"percentage":0.1,"initial":null,"exactN0":false,"numGenerations":20,"minPopulation":20,"maxPopulation":100,"populationDecreaseDegree":1.0,"minGranularity":20,"maxGranularity":100,"granularityIncreaseDegree":1.0,"seed":2,"mutationMultiplier":5,"crossoverMultiplier":2,"numRuns":15,"times":[54427.73955,42398.643364,42136.227991,40753.291097,41163.74682,41124.098214,37598.977911,38627.024914,39114.566448,38733.698774,39600.924654,39081.736474,38068.861965,38030.750774,37181.43706],"exponents":[-3.2073345772725395,-3.203854248966524,-3.262089009242787,-3.2804530454269063,-3.2390773434725575,-3.2432289919837256,-3.263359821219383,-3.259907486269348,-3.2451283555964676,-3.2922602113753876,-3.2385314318411846,-3.289052979187867,-3.2287909121365472,-3.132394131802828,-3.2429640537704962],"explicitBounds":[null,null,null,null,null,null,null,null,null,null,null,null,null,null,null],"n0s":[null,null,null,null,null,null,null,null,null,null,null,null,null,null,null]}