{"degree":5,"percentage":0.1,"initial":null,"exactN0":false,"numGenerations":30,"minPopulation":20,"maxPopulation":100,"populationDecreaseDegree":1.0,"minGranularity":20,"maxGranularity":100,"granularityIncreaseDegree":1.0,"seed":3,"mutationMultiplier":5,"crossoverMultiplier":2,"numRuns":15,"times":[59109.17996,58514.539994,59203.43861,59006.824068,53805.564668,55143.289662,55340.66834,54459.19822,54016.627464,51837.300381,50663.395196,51628.597388,52927.595568,50301.343043,49671.941304],"exponents":[-3.2094956555835856,-3.272388454786336,-3.1737949659593716,-3.1747337290667206,-3.2593941451825383,-3.2283489232554903,-3.238196611735425,-3.2424410150387275,-3.1455303717724132,-3.244937786199279,-3.265741574372486,-3.2291732936672317,-3.134295446184121,-3.244230605099949,-3.2347405223124177],"explicitBounds":[null,null,null,null,null,null,null,null,null,null,null,null,null,null,null],"n0s":[null,null,null,null,null,null,null,null,null,null,null,null,null,null,null]}