{"degree":5,"percentage":0.1,"initial":null,"exactN0":false,"numGenerations":40,"minPopulation":20,"maxPopulation":100,"populationDecreaseDegree":1.0,"minGranularity":20,"maxGranularity":100,"granularityIncreaseDegree":1.0,"seed":4,"mutationMultiplier":5,"crossoverMultiplier":2,"numRuns":15,"times":[71629.011106,71240.125965,70200.213153,69589.220869,69325.271902,67589.568913,65310.789215,65231.400183,65279.886714,65670.373455,66198.683679,66883.201455,65656.021223,64506.244698,64967.209365],"exponents":[-3.252318977728656,-3.27575709561718,-3.2598131519675975,-3.2490198193818802,-3.210464327325437,-3.2567834760946197,-3.2456689796012754,-3.233947422956382,-3.2176639251651853,-3.2525237402278,-3.2530688711821245,-3.2241664902850395,-3.2279294699890677,-3.213114609493973,-3.2455563410526636],"explicitBounds":[null,null,null,null,null,null,null,null,null,null,null,null,null,null,null],"n0s":[null,null,null,null,null,null,null,null,null,null,null,null,null,null,null]}