{"degree":5,"percentage":0.1,"initial":null,"exactN0":false,"numGenerations":50,"minPopulation":20,"maxPopulation":100,"populationDecreaseDegree":1.0,"minGranularity":20,"maxGranularity":100,"granularityIncreaseDegree":1.0,"seed":5,"mutationMultiplier":5,"crossoverMultiplier":2,"numRuns":15,"times":[83722.274843,82216.060211,78659.711579,78494.603623,79631.181432,80430.273079,79244.16995,76660.054874,77959.800966,80029.931956,79459.276903,79521.879152,79906.089139,79830.312438,80767.673183],"exponents":[-3.2426447163964682,-3.256975671383779,-3.199798630041969,-3.2744010160262715,-3.2770973626740854,-3.232835013974526,-3.2794765606205067,-3.2835016830730255,-3.21438334014817,-3.260359333636073,-3.23661772915013,-3.2488112475610778,-3.247512396008216,-3.245906718801975,-3.2683415454709484],"explicitBounds":[null,null,null,null,null,null,null,null,null,null,null,null,null,null,null],"n0s":[null,null,null,null,null,null,null,null,null,null,null,null,null,null,null]}