{"degree":5,"percentage":0.1,"initial":null,"exactN0":false,"numGenerations":5,"minPopulation":20,"maxPopulation":100,"populationDecreaseDegree":1.0,"minGranularity":20,"maxGranularity":100,"granularityIncreaseDegree":1.0,"seed":0,"mutationMultiplier":5,"crossoverMultiplier":2,"numRuns":15,"times":[11697.15895,11474.744662,11537.745941,11787.579573,11605.606001,11605.50721,11950.351391,11110.156332,12155.390479,12210.638906,11597.524104,12517.193981,11733.630397,12176.774767,11588.547821],"exponents":[-3.2127846266530566,-3.2770513281018254,-3.186319396702091,-3.2320054843345285,-3.2301292358384908,-3.243502540813086,-3.222449714752958,-3.155856109267599,-3.2061051868569717,-3.228592591895214,-3.293626877161534,-3.236932483043404,-3.100623255150666,-3.2170150701716356,-3.088509256783667],"explicitBounds":[null,null,null,null,null,null,null,null,null,null,null,null,null,null,null],"n0s":[null,null,null,null,null,null,null,null,null,null,null,null,null,null,null]}