{"degree":5,"percentage":0.1,"initial":null,"exactN0":false,"numGenerations":60,"minPopulation":20,"maxPopulation":100,"populationDecreaseDegree":1.0,"minGranularity":20,"maxGranularity":100,"granularityIncreaseDegree":1.0,"seed":6,"mutationMultiplier":5,"crossoverMultiplier":2,"numRuns":15,"times":[92961.146602,91184.356173,93636.944924,93020.330607,93483.431479,92585.795838,92679.401181,90430.542318,91678.105275,93542.631094,93281.259386,91708.258005,89467.371263,87335.012134,89306.709306],"exponents":[-3.262353286434246,-3.2627950334086226,-3.222988665701763,-3.251693752565836,-3.2778806168038446,-3.2586329336894146,-3.2760921290262575,-3.2742842534606833,-3.2694362569455113,-3.286327514611038,-3.242448001288509,-3.261116153247436,-3.2561880761784687,-3.2610124148926003,-3.240338505455859],"explicitBounds":[null,null,null,null,null,null,null,null,null,null,null,null,null,null,null],"n0s":[null,null,null,null,null,null,null,null,null,null,null,null,null,null,null]}