{"degree":5,"percentage":0.1,"initial":null,"exactN0":false,"numGenerations":70,"minPopulation":20,"maxPopulation":100,"populationDecreaseDegree":1.0,"minGranularity":20,"maxGranularity":100,"granularityIncreaseDegree":1.0,"seed":7,"mutationMultiplier":5,"crossoverMultiplier":2,"numRuns":15,"times":[106779.483635,107391.286681,108560.769318,107286.558702,106014.476209,108303.10815,104361.714959,98470.263749,101294.707207,99590.697374,98655.366416,99630.00858,99116.213331,95533.804942,99594.327423],"exponents":[-3.256563598359033,-3.2708302277723527,-3.2718192863075175,-3.275511004309738,-3.26903086625443,-3.2658919445643124,-3.265368771356827,-3.2644810955275236,-3.280903666695092,-3.251682109319162,-3.2574762900861427,-3.2429646305946433,-3.2751331137931894,-3.269112439666702,-3.2608442512246945],"explicitBounds":[null,null,null,null,null,null,null,null,null,null,null,null,null,null,null],"n0s":[null,null,null,null,null,null,null,null,null,null,null,null,null,null,null]}