{"degree":5,"percentage":0.1,"initial":null,"exactN0":false,"numGenerations":80,"minPopulation":20,"maxPopulation":100,"populationDecreaseDegree":1.0,"minGranularity":20,"maxGranularity":100,"granularityIncreaseDegree":1.0,"seed":8,"mutationMultiplier":5,"crossoverMultiplier":2,"numRuns":15,"times":[121270.505805,123905.136877,114388.623304,114935.686566,112865.945907,112106.180251,114088.845502,114387.435862,114384.242826,111103.970951,111147.959032,110251.521264,109420.996428,108247.338501,113522.695546],"exponents":[-3.258960188475726,-3.25785060000938,-3.2757708708058844,-3.273950151845636,-3.2723916445903285,-3.2475815323507295,-3.2832379448660016,-3.2600544610528117,-3.2661614779424077,-3.2579197911047038,-3.2785826589808402,-3.259818486816247,-3.263066596253067,-3.250419215592595,-3.255079913375635],"explicitBounds":[null,null,null,null,null,null,null,null,null,null,null,null,null,null,null],"n0s":[null,null,null,null,null,null,null,null,null,null,null,null,null,null,null]}