{"degree":5,"percentage":0.1,"initial":null,"exactN0":false,"numGenerations":90,"minPopulation":20,"maxPopulation":100,"populationDecreaseDegree":1.0,"minGranularity":20,"maxGranularity":100,"granularityIncreaseDegree":1.0,"seed":9,"mutationMultiplier":5,"crossoverMultiplier":2,"numRuns":15,"times":[122386.117425,120841.553721,120307.914983,120160.213102,121140.728017,122235.272918,119747.080589,117580.728618,118880.636055,115967.234956,117886.166922,115820.920874,118555.959988,112810.123726,112616.362914],"exponents":[-3.2672392448739274,-3.280600095723865,-3.2881524084896645,-3.2777621904672025,-3.252998141152174,-3.259971910019965,-3.2688331768465644,-3.2653067232574267,-3.284292686124943,-3.2708226888653353,-3.27176780333008,-3.2686798145151967,-3.283446302176704,-3.2783542683933575,-3.256444558924789],"explicitBounds":[null,null,null,null,null,null,null,null,null,null,null,null,null,null,null],"n0s":[null,null,null,null,null,null,null,null,null,null,null,null,null,null,null]}