{"degree":5,"percentage":0.1,"initial":null,"exactN0":false,"numGenerations":100,"minPopulation":100,"maxPopulation":100,"populationDecreaseDegree":1.0,"minGranularity":100,"maxGranularity":100,"granularityIncreaseDegree":1.0,"seed":0,"mutationMultiplier":5,"crossoverMultiplier":2,"numRuns":5,"times":[455268.191502,430521.718588,420537.593139,410490.694001,391270.624203],"exponents":[-3.3075907309403343,-3.306946929239422,-3.308372894710479,-3.308388205298567,-3.308525652674499],"explicitBounds":[null,null,null,null,null],"n0s":[null,null,null,null,null]}