{"degree":5,"percentage":0.1,"initial":null,"exactN0":false,"numGenerations":10,"minPopulation":100,"maxPopulation":100,"populationDecreaseDegree":1.0,"minGranularity":100,"maxGranularity":100,"granularityIncreaseDegree":1.0,"seed":0,"mutationMultiplier":5,"crossoverMultiplier":2,"numRuns":5,"times":[64295.645607,62142.857764,66397.833246,66135.356559,61920.428613],"exponents":[-3.2920856077421496,-3.2961149627158006,-3.3009020473330057,-3.3026766126411813,-3.3077360708305124],"explicitBounds":[null,null,null,null,null],"n0s":[null,null,null,null,null]}