{"degree":5,"percentage":0.1,"initial":null,"exactN0":false,"numGenerations":20,"minPopulation":100,"maxPopulation":100,"populationDecreaseDegree":1.0,"minGranularity":100,"maxGranularity":100,"granularityIncreaseDegree":1.0,"seed":0,"mutationMultiplier":5,"crossoverMultiplier":2,"numRuns":5,"times":[110129.973321,109553.399466,112505.582278,107811.704692,101470.160544],"exponents":[-3.2937307723250124,-3.3049688566045305,-3.304567247646996,-3.3070187981013257,-3.308014319442199],"explicitBounds":[null,null,null,null,null],"n0s":[null,null,null,null,null]}