{"degree":5,"percentage":0.1,"initial":null,"exactN0":false,"numGenerations":30,"minPopulation":100,"maxPopulation":100,"populationDecreaseDegree":1.0,"minGranularity":100,"maxGranularity":100,"granularityIncreaseDegree":1.0,"seed":0,"mutationMultiplier":5,"crossoverMultiplier":2,"numRuns":5,"times":[153081.269657,149566.987419,153311.63959,147477.149752,141459.405445],"exponents":[-3.297887794412963,-3.306603794324249,-3.3083219269648376,-3.3070187981013257,-3.3082133835288463],"explicitBounds":[null,null,null,null,null],"n0s":[null,null,null,null,null]}