{"degree":5,"percentage":0.1,"initial":null,"exactN0":false,"numGenerations":40,"minPopulation":100,"maxPopulation":100,"populationDecreaseDegree":1.0,"minGranularity":100,"maxGranularity":100,"granularityIncreaseDegree":1.0,"seed":0,"mutationMultiplier":5,"crossoverMultiplier":2,"numRuns":5,"times":[188622.172654,187201.58546,190485.808124,179436.16539,174509.298691],"exponents":[-3.3012016165599025,-3.3068165476575597,-3.3083219269648376,-3.308248898124078,-3.308504183239576],"explicitBounds":[null,null,null,null,null],"n0s":[null,null,null,null,null]}