{"degree":5,"percentage":0.1,"initial":null,"exactN0":false,"numGenerations":50,"minPopulation":100,"maxPopulation":100,"populationDecreaseDegree":1.0,"minGranularity":100,"maxGranularity":100,"granularityIncreaseDegree":1.0,"seed":0,"mutationMultiplier":5,"crossoverMultiplier":2,"numRuns":5,"times":[235940.573502,219693.911763,227869.233011,220659.24416,214135.630389],"exponents":[-3.3056006888641147,-3.306843324952311,-3.3083219269648376,-3.308384538645977,-3.3085160723421465],"explicitBounds":[null,null,null,null,null],"n0s":[null,null,null,null,null]}