{"degree":5,"percentage":0.1,"initial":null,"exactN0":false,"numGenerations":5,"minPopulation":100,"maxPopulation":100,"populationDecreaseDegree":1.0,"minGranularity":100,"maxGranularity":100,"granularityIncreaseDegree":1.0,"seed":0,"mutationMultiplier":5,"crossoverMultiplier":2,"numRuns":5,"times":[32313.034263,29773.252825,32240.444296,32059.357983,33009.802374],"exponents":[-3.274875602083043,-3.273009041183423,-3.2556814823095426,-3.283628441264292,-3.3077360708305124],"explicitBounds":[null,null,null,null,null],"n0s":[null,null,null,null,null]}