{"degree":5,"percentage":0.1,"initial":null,"exactN0":false,"numGenerations":60,"minPopulation":100,"maxPopulation":100,"populationDecreaseDegree":1.0,"minGranularity":100,"maxGranularity":100,"granularityIncreaseDegree":1.0,"seed":0,"mutationMultiplier":5,"crossoverMultiplier":2,"numRuns":5,"times":[263485.597918,257374.557347,263479.87186,249613.314564,241894.75453],"exponents":[-3.30593998373045,-3.3068991694518908,-3.308372894710479,-3.308388205298567,-3.3085160723421465],"explicitBounds":[null,null,null,null,null],"n0s":[null,null,null,null,null]}