{"degree":5,"percentage":0.1,"initial":null,"exactN0":false,"numGenerations":70,"minPopulation":100,"maxPopulation":100,"populationDecreaseDegree":1.0,"minGranularity":100,"maxGranularity":100,"granularityIncreaseDegree":1.0,"seed":0,"mutationMultiplier":5,"crossoverMultiplier":2,"numRuns":5,"times":[308578.906034,295613.742287,296527.285654,288598.438244,283949.287571],"exponents":[-3.3061675227771823,-3.3068991694518908,-3.308372894710479,-3.308388205298567,-3.3085160723421465],"explicitBounds":[null,null,null,null,null],"n0s":[null,null,null,null,null]}