{"degree":5,"percentage":0.1,"initial":null,"exactN0":false,"numGenerations":80,"minPopulation":100,"maxPopulation":100,"populationDecreaseDegree":1.0,"minGranularity":100,"maxGranularity":100,"granularityIncreaseDegree":1.0,"seed":0,"mutationMultiplier":5,"crossoverMultiplier":2,"numRuns":5,"times":[331688.667574,321377.981422,327689.278718,321467.342536,316289.033395],"exponents":[-3.306535825429274,-3.3068991694518908,-3.308372894710479,-3.308388205298567,-3.3085160723421465],"explicitBounds":[null,null,null,null,null],"n0s":[null,null,null,null,null]}