{"degree":5,"percentage":0.1,"initial":null,"exactN0":false,"numGenerations":90,"minPopulation":100,"maxPopulation":100,"populationDecreaseDegree":1.0,"minGranularity":100,"maxGranularity":100,"granularityIncreaseDegree":1.0,"seed":0,"mutationMultiplier":5,"crossoverMultiplier":2,"numRuns":5,"times":[364037.87514,358319.092441,364480.672188,357325.378029,352662.093569],"exponents":[-3.3072027234000205,-3.306946929239422,-3.308372894710479,-3.308388205298567,-3.308525652674499],"explicitBounds":[null,null,null,null,null],"n0s":[null,null,null,null,null]}