{"degree":5,"percentage":0.1,"initial":null,"exactN0":false,"numGenerations":100,"minPopulation":20,"maxPopulation":20,"populationDecreaseDegree":1.0,"minGranularity":20,"maxGranularity":20,"granularityIncreaseDegree":1.0,"seed":0,"mutationMultiplier":5,"crossoverMultiplier":2,"numRuns":5,"times":[12180.058525,12313.641121,12340.890112,13053.227506,12519.10847],"exponents":[-2.5940528287045983,-2.5996890778679345,-2.5950377280292725,-2.5758122698400356,-2.601892956637033],"explicitBounds":[null,null,null,null,null],"n0s":[null,null,null,null,null]}