{"degree":5,"percentage":0.1,"initial":null,"exactN0":false,"numGenerations":10,"minPopulation":20,"maxPopulation":20,"populationDecreaseDegree":1.0,"minGranularity":20,"maxGranularity":20,"granularityIncreaseDegree":1.0,"seed":0,"mutationMultiplier":5,"crossoverMultiplier":2,"numRuns":5,"times":[1512.4993,1470.77551,1594.614141,1580.504363,1512.124707],"exponents":[-2.5909228456074924,-2.5902626761539684,-2.5912597365632726,-2.4725443348187293,-2.5857788372616413],"explicitBounds":[null,null,null,null,null],"n0s":[null,null,null,null,null]}