{"degree":5,"percentage":0.1,"initial":null,"exactN0":false,"numGenerations":20,"minPopulation":20,"maxPopulation":20,"populationDecreaseDegree":1.0,"minGranularity":20,"maxGranularity":20,"granularityIncreaseDegree":1.0,"seed":0,"mutationMultiplier":5,"crossoverMultiplier":2,"numRuns":5,"times":[2682.378754,2714.302017,2746.958908,2925.174638,2868.554807],"exponents":[-2.5909913440948884,-2.5986149894902018,-2.594055976611182,-2.4891495296180706,-2.6005879900229423],"explicitBounds":[null,null,null,null,null],"n0s":[null,null,null,null,null]}