{"degree":5,"percentage":0.1,"initial":null,"exactN0":false,"numGenerations":30,"minPopulation":20,"maxPopulation":20,"populationDecreaseDegree":1.0,"minGranularity":20,"maxGranularity":20,"granularityIncreaseDegree":1.0,"seed":0,"mutationMultiplier":5,"crossoverMultiplier":2,"numRuns":5,"times":[3962.241957,3877.281458,4060.318337,4226.048299,4338.182035],"exponents":[-2.5920300625145005,-2.5986149894902018,-2.5944660716423678,-2.495730890323858,-2.6016807804202005],"explicitBounds":[null,null,null,null,null],"n0s":[null,null,null,null,null]}