{"degree":5,"percentage":0.1,"initial":null,"exactN0":false,"numGenerations":40,"minPopulation":20,"maxPopulation":20,"populationDecreaseDegree":1.0,"minGranularity":20,"maxGranularity":20,"granularityIncreaseDegree":1.0,"seed":0,"mutationMultiplier":5,"crossoverMultiplier":2,"numRuns":5,"times":[5042.608118,5300.715885,5635.119577,5670.529904,5631.056746],"exponents":[-2.592426891906826,-2.598740572446494,-2.5944660716423678,-2.5287914305740102,-2.6016807804202005],"explicitBounds":[null,null,null,null,null],"n0s":[null,null,null,null,null]}