{"degree":5,"percentage":0.1,"initial":null,"exactN0":false,"numGenerations":5,"minPopulation":20,"maxPopulation":20,"populationDecreaseDegree":1.0,"minGranularity":20,"maxGranularity":20,"granularityIncreaseDegree":1.0,"seed":0,"mutationMultiplier":5,"crossoverMultiplier":2,"numRuns":5,"times":[866.425782,764.824536,898.244936,872.237185,810.93595],"exponents":[-2.584415905158138,-2.583582554058559,-2.586683277456035,-2.433727338998341,-2.573225467996125],"explicitBounds":[null,null,null,null,null],"n0s":[null,null,null,null,null]}