{"degree":5,"percentage":0.1,"initial":null,"exactN0":false,"numGenerations":50,"minPopulation":20,"maxPopulation":20,"populationDecreaseDegree":1.0,"minGranularity":20,"maxGranularity":20,"granularityIncreaseDegree":1.0,"seed":0,"mutationMultiplier":5,"crossoverMultiplier":2,"numRuns":5,"times":[6480.736993,6569.262132,6466.345829,7022.555896,6586.602012],"exponents":[-2.592426891906826,-2.5987753701121874,-2.5944660716423678,-2.5287914305740102,-2.6016807804202005],"explicitBounds":[null,null,null,null,null],"n0s":[null,null,null,null,null]}