{"degree":5,"percentage":0.1,"initial":null,"exactN0":false,"numGenerations":60,"minPopulation":20,"maxPopulation":20,"populationDecreaseDegree":1.0,"minGranularity":20,"maxGranularity":20,"granularityIncreaseDegree":1.0,"seed":0,"mutationMultiplier":5,"crossoverMultiplier":2,"numRuns":5,"times":[7933.309251,7949.724431,7488.577071,7983.735798,7585.637428],"exponents":[-2.592779201066952,-2.5987753701121874,-2.5945983536843866,-2.55142019369218,-2.6016807804202005],"explicitBounds":[null,null,null,null,null],"n0s":[null,null,null,null,null]}