{"degree":5,"percentage":0.1,"initial":null,"exactN0":false,"numGenerations":70,"minPopulation":20,"maxPopulation":20,"populationDecreaseDegree":1.0,"minGranularity":20,"maxGranularity":20,"granularityIncreaseDegree":1.0,"seed":0,"mutationMultiplier":5,"crossoverMultiplier":2,"numRuns":5,"times":[8711.721388,8577.203271,8677.786993,9424.328743,8826.346209],"exponents":[-2.592779201066952,-2.598800014781045,-2.5945983536843866,-2.565475099613282,-2.601850468894091],"explicitBounds":[null,null,null,null,null],"n0s":[null,null,null,null,null]}