{"degree":5,"percentage":0.1,"initial":null,"exactN0":false,"numGenerations":80,"minPopulation":20,"maxPopulation":20,"populationDecreaseDegree":1.0,"minGranularity":20,"maxGranularity":20,"granularityIncreaseDegree":1.0,"seed":0,"mutationMultiplier":5,"crossoverMultiplier":2,"numRuns":5,"times":[9758.755848,9849.199149,9904.43293,10633.449922,10332.309506],"exponents":[-2.5937000800804926,-2.598800014781045,-2.5945983536843866,-2.5689040608383378,-2.601892956637033],"explicitBounds":[null,null,null,null,null],"n0s":[null,null,null,null,null]}