{"degree":5,"percentage":0.1,"initial":null,"exactN0":false,"numGenerations":90,"minPopulation":20,"maxPopulation":20,"populationDecreaseDegree":1.0,"minGranularity":20,"maxGranularity":20,"granularityIncreaseDegree":1.0,"seed":0,"mutationMultiplier":5,"crossoverMultiplier":2,"numRuns":5,"times":[11117.901286,11227.044298,11500.931974,11564.262662,11026.625227],"exponents":[-2.593966575141836,-2.5996890778679345,-2.5945983536843866,-2.5694819874507577,-2.601892956637033],"explicitBounds":[null,null,null,null,null],"n0s":[null,null,null,null,null]}