{"degree":5,"percentage":0.001,"initial":null,"exactN0":false,"numGenerations":5,"minPopulation":20,"maxPopulation":100,"populationDecreaseDegree":1.0,"minGranularity":20,"maxGranularity":100,"granularityIncreaseDegree":1.0,"seed":0,"mutationMultiplier":5,"crossoverMultiplier":2,"numRuns":5,"times":[11012.521078,12219.289756,11073.100744,10985.319229,10603.345881],"exponents":[-1.067158794240987,-1.1757017017313103,-1.1600759794766955,-1.0677026115542674,-1.1063030988276954],"explicitBounds":[null,null,null,null,null],"n0s":[null,null,null,null,null]}