{"degree":5,"percentage":0.001,"initial":null,"exactN0":false,"numGenerations":5,"minPopulation":100,"maxPopulation":100,"populationDecreaseDegree":1.0,"minGranularity":100,"maxGranularity":100,"granularityIncreaseDegree":1.0,"seed":0,"mutationMultiplier":5,"crossoverMultiplier":2,"numRuns":5,"times":[34364.743808,36638.704901,32676.600335,30293.122133,28201.006404],"exponents":[-1.1169175358673344,-1.1411306133600425,-1.1327201025999527,-1.093232917539457,-1.0902802538282188],"explicitBounds":[null,null,null,null,null],"n0s":[null,null,null,null,null]}