{"degree":5,"percentage":0.001,"initial":null,"exactN0":false,"numGenerations":10,"minPopulation":20,"maxPopulation":100,"populationDecreaseDegree":1.0,"minGranularity":20,"maxGranularity":100,"granularityIncreaseDegree":1.0,"seed":0,"mutationMultiplier":5,"crossoverMultiplier":2,"numRuns":5,"times":[19763.442273,20053.215828,19840.089961,19292.258058,19177.307479],"exponents":[-1.488935726504352,-1.4950699679963488,-1.4019113909936118,-1.489605201073756,-1.3647496528854768],"explicitBounds":[null,null,null,null,null],"n0s":[null,null,null,null,null]}