{"degree":5,"percentage":0.001,"initial":null,"exactN0":false,"numGenerations":10,"minPopulation":100,"maxPopulation":100,"populationDecreaseDegree":1.0,"minGranularity":100,"maxGranularity":100,"granularityIncreaseDegree":1.0,"seed":0,"mutationMultiplier":5,"crossoverMultiplier":2,"numRuns":5,"times":[64631.953703,64653.569726,56026.46621,52094.492247,52215.982224],"exponents":[-1.4633554989817514,-1.4943178236540176,-1.4951338844350353,-1.4476621726782675,-1.4674082014021177],"explicitBounds":[null,null,null,null,null],"n0s":[null,null,null,null,null]}