{"degree":5,"percentage":0.001,"initial":null,"exactN0":false,"numGenerations":20,"minPopulation":20,"maxPopulation":100,"populationDecreaseDegree":1.0,"minGranularity":20,"maxGranularity":100,"granularityIncreaseDegree":1.0,"seed":0,"mutationMultiplier":5,"crossoverMultiplier":2,"numRuns":5,"times":[36748.316576,37249.851266,36165.132764,33883.062534,32649.130947],"exponents":[-1.5693314769045998,-1.560192116986881,-1.561987223209612,-1.5459279264496038,-1.5437678593675506],"explicitBounds":[null,null,null,null,null],"n0s":[null,null,null,null,null]}