{"degree":5,"percentage":0.001,"initial":null,"exactN0":false,"numGenerations":20,"minPopulation":100,"maxPopulation":100,"populationDecreaseDegree":1.0,"minGranularity":100,"maxGranularity":100,"granularityIncreaseDegree":1.0,"seed":0,"mutationMultiplier":5,"crossoverMultiplier":2,"numRuns":5,"times":[119092.754707,109910.850481,103303.389321,99175.006153,101664.103356],"exponents":[-1.5675414786758877,-1.5809800635922409,-1.5747248825269333,-1.5814689096729184,-1.5583063049506485],"explicitBounds":[null,null,null,null,null],"n0s":[null,null,null,null,null]}